{
  "ragas_results": {
    "faithfulness": 0.6666666666666666,
    "answer_relevancy": 1.0,
    "context_precision": 0.39999999999999997,
    "context_recall": 0.7538414796193441,
    "individual_scores": {
      "faithfulness": [
        0.8,
        0.8,
        0.4
      ],
      "answer_relevancy": [
        1.0,
        1.0,
        1.0
      ],
      "context_precision": [
        0.4,
        0.6,
        0.2
      ],
      "context_recall": [
        0.7256560325622559,
        0.7063277959823608,
        0.8295406103134155
      ]
    }
  },
  "test_cases": 3
}